Question,Answer
What is mental health?,"Mental health refers to the emotional, psychological, and social well-being of an individual. It affects how we think, feel, and act, and determines how we handle stress, relate to others, and make choices."
What are common mental health conditions?,"Some common mental health conditions include anxiety, depression, bipolar disorder, schizophrenia, obsessive-compulsive disorder (OCD), post-traumatic stress disorder (PTSD), and eating disorders."
What are the signs and symptoms of mental health problems?,"Signs and symptoms can vary depending on the condition, but may include changes in mood, sleep, appetite, energy levels, concentration, thoughts, and behavior."
What are the risk factors for mental health problems?,"Risk factors can include genetics, family history, trauma, chronic stress, substance abuse, and medical conditions."
How can mental health problems be diagnosed?,"Mental health professionals use a combination of interviews, observations, and psychological tests to diagnose mental health conditions."
What are the treatment options for mental health problems?,"Treatment options may include psychotherapy, medication, lifestyle changes, and support groups."
How can I help someone who is struggling with a mental health problem?,"The most important thing is to be supportive and understanding. Listen to them without judgment, offer practical help, and encourage them to seek professional help if needed."
What are some resources for mental health information and support?,"There are many resources available, including mental health professionals, support groups, online resources, and hotlines."
How can I prioritize my mental health?,"There are many things you can do to prioritize your mental health, such as getting enough sleep, eating a healthy diet, exercising regularly, practicing relaxation techniques, and connecting with loved ones."
What are some self-care tips for managing mental health?,"Self-care tips can include taking breaks, setting boundaries, saying no, practicing gratitude, and doing things you enjoy."
What are some myths and misconceptions about mental health?,"There are many myths and misconceptions about mental health, such as that mental illness is a sign of weakness or that people with mental illness are dangerous."
How can I reduce stigma around mental health?,"We can reduce stigma by talking openly about mental health, challenging stereotypes, and supporting people who are struggling."
What are some ways to advocate for mental health awareness and support?,"We can advocate by talking to our elected officials, supporting organizations that work on mental health issues, and sharing our own stories."
What is the role of community in supporting mental health?,"Community plays a crucial role in supporting mental health by providing social connection, reducing isolation, and offering resources and support."
How can technology be used to help people with mental health problems?,"Technology can be used to provide access to information and support, connect people with mental health professionals, and offer self-help tools."
What are some hopeful facts about mental health?,"Mental health conditions are treatable, and many people with mental illness live fulfilling lives."
What can I do to help someone in a crisis?,"If someone is in a crisis, call 911 or your local emergency number. You can also stay with them until help arrives and offer reassurance."
How can I protect my own mental health?,"By taking care of yourself physically and emotionally, setting boundaries, and seeking help when needed, you can protect your own mental health."
What is the future of mental health care?,"The future of mental health care is likely to involve more personalized and accessible treatment options, as well as greater use of technology."
How can I encourage someone to seek professional help?,"You can talk to them about your concerns, offer to help them find a therapist, and remind them that seeking help is a sign of strength."
What are some examples of mental health resilience?,"Examples of mental health resilience include overcoming trauma, managing chronic stress, and maintaining positive relationships."
How can I find a therapist or other mental health professional?,"You can ask your doctor for a referral, search online directories, or contact your local mental health association."
What are some coping mechanisms for dealing with stress and anxiety?,"Some coping mechanisms include exercise, relaxation techniques, spending time in nature, and talking to a trusted friend or family member."
How can I build healthy relationships to support my mental health?,"Building healthy relationships involves communication, trust, and mutual respect. It's important to surround yourself with supportive people who make you feel good about yourself."
What are some ways to manage negative thoughts and feelings?,"Some ways to manage negative thoughts and feelings include challenging them, practicing mindfulness, and focusing on the present moment."
How can I set realistic goals for improving my mental health?,"Start with small, achievable goals and gradually increase the difficulty as you progress. Celebrate your successes and don't be discouraged by setbacks."
What are some healthy ways to deal with difficult emotions?,"Allow yourself to feel your emotions, but don't get overwhelmed by them. Express your emotions in a healthy way, such as through journaling, talking to a friend, or creative outlets."
How can I create a healthy sleep routine to support my mental health?,"Establish a regular sleep schedule, create a relaxing bedtime routine, avoid screens before bed, and make sure your bedroom is dark, quiet, and cool."
What are some tips for managing social anxiety?,"Practice mindfulness and relaxation techniques, start with small social interactions and gradually increase exposure, and focus on building relationships with supportive people."
How can I deal with the challenges of living with a chronic mental illness?,"Learn as much as you can about your condition, connect with others who understand, develop a support system, and work with your doctor to manage your symptoms."
What are some ways to cope with grief and loss?,"Allow yourself to grieve, talk about your loss with loved ones, find healthy ways to express your emotions, and seek professional help if needed."
How can I build self-compassion and self-acceptance?,"Be kind to yourself, forgive yourself for your mistakes, focus on your strengths, and celebrate your accomplishments."
What are some healthy ways to manage anger?,"Identify your triggers, practice relaxation techniques, express your anger in a healthy way, such as through exercise or journaling, and consider seeking professional help if needed."
How can I maintain a positive outlook even during challenging times?,"Practice gratitude, focus on the good things in your life, connect with nature, and spend time with loved ones."
What are some ways to reduce the stigma around mental health in my community?,"Talk openly about mental health, challenge stereotypes, and support organizations that work to raise awareness."
How can I advocate for better mental health resources and support in my community?,"Contact your elected officials, volunteer with mental health organizations, and share your own story to raise awareness."
What are some fun and creative ways to express your emotions and support mental well-being?,"Engage in activities you enjoy, such as art, music, dance, or writing. Connect with nature, spend time with loved ones, or try new things."
How can I use technology in a healthy way to support my mental health?,"Use apps for relaxation, mindfulness, or self-care. Connect with online communities for support and encouragement. Seek professional help through teletherapy or online resources."
What are some resources for mental health information and support in my area?,"Contact your local mental health association, search online directories, or ask your doctor for referrals."
How can I stay informed about the latest advancements in mental health research and treatment?,"Follow mental health organizations and experts on social media, subscribe to newsletters, and attend webinars or conferences."
What are some inspiring stories of people who have overcome mental health challenges?,"Read books or articles about people who have lived with mental illness, watch documentaries, or connect with individuals who can share their experiences."
How can I make a difference in the world by supporting mental health initiatives?,"Volunteer your time or donate to mental health organizations, raise awareness in your community, or share your own story to inspire others."
What are some small acts of kindness that can improve mental well-being?,"Offer a helping hand to someone in need, send a kind message to a friend, or simply smile at someone you encounter."
What are the five key components of physical health?,"The five key components of physical health are nutrition, physical activity, sleep, hygiene, and mental health. Each component plays a vital role in maintaining overall well-being."
How much sleep do adults generally need for optimal health?,"Adults generally need 7-8 hours of sleep per night for optimal health. However, individual needs may vary depending on age, lifestyle, and health conditions."
What are the benefits of regular physical activity?,"Regular physical activity has numerous benefits, including reducing the risk of chronic diseases, improving mood and sleep quality, strengthening bones and muscles, and boosting energy levels."
How can I create a balanced and nutritious diet?,"A balanced and nutritious diet includes plenty of fruits, vegetables, whole grains, lean protein, and healthy fats. It's important to limit processed foods, sugary drinks, and unhealthy fats."
What are some healthy ways to manage stress?,"Some healthy ways to manage stress include exercise, relaxation techniques like meditation or yoga, spending time in nature, connecting with loved ones, and seeking professional help if needed."
What are the risks of smoking and how can I quit?,"Smoking significantly increases the risk of heart disease, lung cancer, and other chronic illnesses. Quitting smoking is the single best thing you can do for your health. There are many resources available to help people quit, including nicotine replacement therapy, counseling, and support groups."
How much alcohol is considered safe to consume?,"Moderate alcohol consumption, defined as one drink per day for women and two drinks per day for men, may have some health benefits. However, heavy drinking is harmful and increases the risk of numerous health problems."
What are the early signs of dehydration and how can I prevent it?,"Early signs of dehydration include thirst, dry mouth, fatigue, and headache. To prevent dehydration, it's important to drink plenty of fluids throughout the day, especially on hot days or during exercise."
What are some ways to improve my posture and avoid back pain?,"Good posture involves keeping your shoulders back and down, your spine aligned, and your core engaged. Exercises like planks and bridges can help strengthen your core and improve your posture."
How can I strengthen my immune system to fight off illness?,"A healthy diet, regular exercise, adequate sleep, and managing stress are all important for a strong immune system. Probiotics and vitamin D supplements may also be helpful."
What are the benefits of regular preventative healthcare checkups?,Regular preventative healthcare checkups help identify potential health problems early when they are easier to treat. They also provide an opportunity to discuss important health questions and concerns with your doctor.
How can I identify the symptoms of common illnesses and when to seek medical attention?,"Familiarizing yourself with common symptoms of illnesses like fever, cough, sore throat, or rash can help you decide when to seek medical attention. If symptoms are severe or persistent, it's always best to consult a doctor."
What are some healthy habits I can implement for better oral health?,"Brushing your teeth twice a day, flossing daily, and regular dental checkups are essential for good oral health. Limiting sugary drinks and avoiding smoking can also make a big difference."
How can I stay motivated to maintain a healthy lifestyle?,"Setting realistic goals, tracking your progress, finding activities you enjoy, and surrounding yourself with supportive people can help you stay motivated to maintain a healthy lifestyle."
What are some ways to manage chronic health conditions effectively?,"Working closely with your doctor, adhering to your treatment"
What are the most common types of headaches?,"Tension headaches, migraines, cluster headaches, and sinus headaches are among the most frequent types."
What are the typical symptoms of a tension headache?,"Dull, aching pain on both sides of the head, often accompanied by a tight feeling in the neck and shoulders."
What are the triggers for migraines?,"Stress, hormonal changes, sleep disturbances, certain foods and drinks, and environmental factors like loud noises or bright lights."
How can I distinguish a migraine from a tension headache?,"Migraines usually involve throbbing pain on one side of the head, often pulsating with movement, nausea and vomiting, sensitivity to light and sound, and aura (visual disturbances) in some cases."
What are the signs of a cluster headache?,"Severe, burning pain around one eye and temple, often accompanied by nasal congestion, tearing, and drooping eyelid on the affected side."
What causes sinus headaches?,"Inflammation of the sinus cavities due to allergies, infection, or pressure changes, leading to facial pain and pressure, especially around the forehead and cheeks."
What are some simple home remedies for headaches?,"Over-the-counter pain relievers like ibuprofen or acetaminophen, hydration, rest in a dark, quiet room, applying a cold compress to the forehead or neck, and gentle neck stretches."
What can I do to prevent tension headaches?,"Practice relaxation techniques like meditation or deep breathing, manage stress effectively, maintain good posture, get enough sleep, and stay hydrated."
How can I avoid migraine triggers?,"Keep a headache diary to identify and avoid personal triggers, maintain a regular sleep schedule, eat a balanced diet, and exercise regularly."
What natural remedies can be helpful for migraines?,"Magnesium supplements, ginger tea, acupressure, and biofeedback techniques have shown some effectiveness in certain cases."
Is caffeine helpful for headaches?,"Small amounts of caffeine can sometimes temporarily relieve mild headaches, but overuse can actually worsen them."
When should I see a doctor about a headache?,"Seek medical attention if headaches are severe, sudden, or worsen despite home remedies, if accompanied by fever, stiff neck, confusion, vision changes, or slurred speech, or if they significantly interfere with daily life."
What diagnostic tests might be used for headaches?,"A doctor may order blood tests, imaging scans like MRI or CT, or an electroencephalogram (EEG) depending on the suspected cause."
What can be done for chronic headaches?,"Preventive medications, nerve blocks, and lifestyle changes are some treatment options for chronic headaches, while botox injections are used for certain types like migraines."
Are there any alternative or complementary therapies for headache relief?,"Acupuncture, chiropractic care, massage therapy, and cognitive behavioral therapy have shown some success in reducing headache frequency and severity in some individuals."
What can I do to manage stress if it triggers my headaches?,"Relaxation techniques like meditation, yoga, or deep breathing, regular exercise, spending time in nature, and cognitive behavioral therapy can be helpful in managing stress and reducing headaches."
How can I improve my sleep hygiene for better headache prevention?,"Maintain a consistent sleep schedule, create a relaxing bedtime routine, avoid screens before bed, make sure your bedroom is dark and quiet, and avoid caffeine and alcohol before bedtime."
What dietary changes can I make to minimize headaches?,"Stay hydrated, eat a balanced diet with regular meals and snacks, avoid processed foods and sugary drinks, and identify and limit any specific food triggers."
Can exercise help with headaches?,"Regular physical activity can improve overall health and well-being, and may reduce the frequency and severity of headaches. However, avoid strenuous exercise during a headache attack."
What are some healthy ways to manage pain during a headache?,"Apply a cold compress to your forehead or neck, take a warm bath or shower, try gentle neck stretches, practice relaxation techniques, and avoid loud noises and bright lights."
Can overusing pain medication actually worsen headaches?,"Yes, overuse of pain relievers can lead to medication-overuse headaches, making them more frequent and severe. Consult your doctor if you suspect this is happening."
Are there any natural supplements that can help with headaches?,"Supplements like magnesium, vitamin B2, and Coenzyme Q10 have shown some promise in preventing or reducing headaches, but consult your doctor before taking any supplements."
What can I do to support a loved one who suffers from headaches?,"Be understanding and patient, offer practical help during a headache attack, encourage them to seek medical advice if needed, and help them implement lifestyle changes for prevention."
What causes lower back pain?,"Lower back pain can be caused by muscle strain, injury, poor posture, or underlying medical conditions. Exercise, proper posture, and pain relief measures may help."
How can one relieve neck pain?,"Neck pain relief strategies include stretching, maintaining good posture, applying heat or cold packs, and practicing relaxation techniques."
What are common causes of knee pain?,"Knee pain can result from injuries, overuse, arthritis, or underlying medical conditions. Rest, ice, compression, and elevation (R.I.C.E.) can help alleviate acute knee pain."
How can one manage headaches?,"Headache management may involve identifying triggers, staying hydrated, getting adequate sleep, and using over-the-counter pain relievers as recommended."
What are effective ways to ease shoulder pain?,"Shoulder pain relief may include rest, ice or heat therapy, gentle exercises, and avoiding activities that exacerbate the pain."
How can one relieve hip pain?,"Hip pain relief strategies include rest, gentle stretching exercises, over-the-counter pain medications, and consulting a healthcare professional for a proper diagnosis."
"What causes foot pain, and how can it be relieved?","Foot pain may result from conditions like plantar fasciitis or improper footwear. Rest, supportive footwear, ice, and stretching exercises can help alleviate foot pain."
How can one address hand and wrist pain?,"Hand and wrist pain may be managed with rest, ergonomic adjustments, splints, and exercises recommended by a healthcare professional."
What are effective ways to alleviate migraines?,"Migraine relief strategies include identifying triggers, practicing relaxation techniques, staying hydrated, and taking prescribed medications as advised by a healthcare provider."
How can one manage chronic pain conditions?,"Managing chronic pain involves a multidisciplinary approach, including medications, physical therapy, lifestyle changes, and psychological support."
What are some common causes of lower back pain?,"Lower back pain can stem from muscle strain, herniated discs, poor posture, or spinal conditions. Treatment may involve exercises, pain medications, and lifestyle adjustments."
How can one address chronic neck pain?,"Chronic neck pain may require a combination of physical therapy, ergonomic changes, and possibly medications or injections. Consultation with a healthcare professional is recommended."
Are there specific exercises for relieving knee pain?,"Yes, exercises such as leg lifts, squats, and stretches can strengthen the muscles around the knee, providing support and pain relief. Always consult with a healthcare provider before starting a new exercise regimen."
What lifestyle changes can help prevent frequent headaches?,"Staying hydrated, maintaining a consistent sleep schedule, managing stress, and identifying and avoiding triggers can contribute to headache prevention."
Are there specialized treatments for shoulder pain?,"Depending on the cause, treatments for shoulder pain may include physical therapy, corticosteroid injections, and in some cases, surgical intervention."
Can dietary changes impact hip pain?,"In some cases, maintaining a healthy weight and incorporating anti-inflammatory foods into the diet may help manage hip pain. Consultation with a healthcare professional is crucial."
How can one differentiate between different types of foot pain?,"Identifying the specific type of foot pain (heel pain, arch pain, etc.) is essential for proper treatment. Podiatrists can provide accurate diagnoses and recommend appropriate interventions."
What ergonomic adjustments can alleviate hand and wrist pain?,"Using ergonomic tools, maintaining proper hand and wrist positions during activities, and taking breaks can reduce strain and alleviate hand and wrist pain."
Are there alternative therapies for migraine relief?,"Some individuals find relief from migraines through acupuncture, biofeedback, or herbal supplements. It's important to discuss these options with a healthcare provider."
How does psychological support contribute to managing chronic pain?,"Psychological support, such as counseling or cognitive-behavioral therapy, can help individuals cope with the emotional aspects of chronic pain and improve overall well-being."
What are the symptoms of persistent cough and shortness of breath?,"Chronic Obstructive Pulmonary Disease (COPD), Asthma, or Interstitial Lung Disease."
"If someone experiences chest pain and discomfort, what could be the potential cause?","Coronary Artery Disease (CAD), Angina, or Myocardial Infarction (Heart Attack)."
"What might be the cause of sudden, severe headache accompanied by nausea and sensitivity to light?","Migraine, Tension Headache, or Cluster Headache."
"When someone complains of joint pain and stiffness, what conditions should be considered?","Rheumatoid Arthritis, Osteoarthritis, or Lupus."
What diseases could be associated with persistent fatigue and weakness?,"Chronic Fatigue Syndrome, Anemia, or Hypothyroidism."
"If someone experiences frequent urination and excessive thirst, what might be the underlying issue?",Diabetes Mellitus (Type 1 or Type 2).
What respiratory conditions are associated with wheezing and difficulty breathing?,"Asthma, Chronic Bronchitis, or Pneumonia."
"What skin conditions may cause red, itchy rashes?","Eczema, Psoriasis, or Contact Dermatitis."
"If someone has difficulty concentrating and mood swings, what mental health disorders should be considered?","Attention-Deficit/Hyperactivity Disorder (ADHD), Bipolar Disorder, or Depression."
What gastrointestinal issues could be linked to abdominal pain and changes in bowel habits?,"Irritable Bowel Syndrome (IBS), Inflammatory Bowel Disease (IBD), or Gastroenteritis."
"What could be the cause of sudden, severe abdominal pain and nausea?","Appendicitis, Gallstones, or Gastroenteritis."
"If someone experiences frequent nosebleeds and easy bruising, what might be the underlying issue?","Hemophilia, Thrombocytopenia, or Vitamin K deficiency."
What conditions could be associated with persistent muscle weakness and pain?,"Fibromyalgia, Myasthenia Gravis, or Muscular Dystrophy."
"If someone has sudden vision changes and eye pain, what eye conditions should be considered?","Glaucoma, Retinal Detachment, or Conjunctivitis."
What respiratory conditions may cause chronic cough and phlegm production?,"Chronic Bronchitis, Bronchiectasis, or Cystic Fibrosis."
What skin conditions could be linked to the development of blisters and peeling?,"Dermatitis Herpetiformis, Pemphigus, or Toxic Epidermal Necrolysis."
"When someone complains of difficulty swallowing and chest pain, what conditions should be considered?","Gastroesophageal Reflux Disease (GERD), Esophageal Cancer, or Achalasia."
What autoimmune diseases may cause joint swelling and stiffness?,"Rheumatoid Arthritis, Systemic Lupus Erythematosus (SLE), or Sj√∂gren's Syndrome."
"If someone experiences sudden weight loss and increased appetite, what endocrine disorders could be responsible?","Hyperthyroidism, Diabetes Mellitus (Type 1), or Addison's Disease."
What neurologic conditions are associated with numbness and tingling in the extremities?,"Multiple Sclerosis (MS), Peripheral Neuropathy, or Stroke."
"What could be the cause of persistent, unexplained fevers and fatigue?","Chronic Fatigue Syndrome, Infectious Mononucleosis, or Autoimmune Disorders."
"If someone experiences chest tightness and difficulty breathing, what respiratory conditions should be considered?","Chronic Obstructive Pulmonary Disease (COPD), Asthma, or Pulmonary Embolism."
What gastrointestinal conditions may cause chronic diarrhea and abdominal cramping?,"Inflammatory Bowel Disease (IBD), Celiac Disease, or Irritable Bowel Syndrome (IBS)."
"If someone complains of frequent urination and thirst, what endocrine disorders should be considered?",Diabetes Mellitus (Type 1 or Type 2) or Diabetes Insipidus.
What skin conditions are associated with the development of scales and patches?,"Psoriasis, Eczema, or Seborrheic Dermatitis."
"When someone experiences sudden, severe chest pain radiating to the arm, what cardiovascular conditions should be considered?","Myocardial Infarction (Heart Attack), Angina, or Aortic Dissection."
What gastrointestinal issues may cause bloating and irregular bowel movements?,"Irritable Bowel Syndrome (IBS), Small Intestinal Bacterial Overgrowth (SIBO), or Gastroenteritis."
"If someone has difficulty maintaining balance and coordination, what neurologic conditions should be considered?","Multiple Sclerosis (MS), Parkinson's Disease, or Cerebellar Ataxia."
What mental health disorders are associated with persistent feelings of sadness and loss of interest?,"Major Depressive Disorder, Persistent Depressive Disorder (Dysthymia), or Bipolar Disorder."
"If someone experiences sudden, severe abdominal pain with rebound tenderness, what surgical emergency could be present?","Appendicitis, Peritonitis, or Ovarian Torsion."